UserKey,UserName,UserYelpSince,ActiveInd,OldAddress,OldCity,CurrentAddress,CurrentCity,OldUserPostalCode,CurrentUserPostalCode
u1,Mary,d314,d1079,,,4200 AUDREY AVE,San Francisco,,90004
u2,Anna,d183,d948,,,800 NEWINGTON AVE,Los Angeles,,90005
u3,Emma,d231,d996,2000 W BALTIMORE ST,Riverside,600 RADNOR AV,Los Angeles,94232,94208
u4,Elizabeth,d359,d1124,,,1800 RAMSAY ST,Los Angeles,,90006
u5,Minnie,d8,d773,,,100 LIGHT ST,Sacramento,,95101
u6,Margaret,d311,d1076,700 N PATTERSON PARK AVE,Sacramento,3400 HARMONY CT,Los Angeles,94111,92071
u7,Ida,d29,d794,,,400 W LANVALE ST,San Jose,,90712
u8,Alice,d303,d1068,,,2300 LYNDHURST AVE,San Diego,,92091
u9,Bertha,d212,d977,,,1200 N ELLWOOD AVE,Long Beach,,94501
u10,Sarah,d141,d906,,,2300 LYNDHURST AVE,San Diego,,94109
u11,Annie,d61,d826,,,3600 EDMONDSON AVE,Oakland,,94204
u12,Clara,d118,d548,,,5100 PARK HEIGHTS AVE,San Francisco,,90715
u13,Ella,d273,d703,,,3900 GWYNNS FALLS PKWY,Los Angeles,,90007
u14,Florence,d44,d474,,,5500 SUMMERFIELD AVE,Riverside,,90008
u15,Cora,d161,d591,,,2200 VAN DEMAN ST,Oakland,,95111
u16,Martha,d113,d543,300 E PRESTON ST,Los Angeles,1200 E LAFAYETTE AV,San Jose,95101,92092
u17,Laura,d359,d789,5700 WABASH AV,Los Angeles,1000 N EUTAW ST,San Jose,92071,95112
u18,Nellie,d256,d686,,,100 S BROADWAY,Riverside,,90002
u19,Grace,d38,d468,,,4000 RIDGECROFT RD,Los Angeles,,94111
u20,Carrie,d64,d494,,,600 HOMESTEAD ST,Los Angeles,,90003
u21,Maude,d53,d483,,,2000 N BENTALOU ST,Riverside,,90004
u22,Mabel,d264,d694,,,AV & REISTERSTOWN RD,Riverside,,90005
u23,Bessie,d9,d439,3900 ECHODALE AV,San Francisco,PY & ECHODALE AV,Oakland,90716,94208
u24,Jennie,d250,d680,,,100 W LEXINGTON ST,San Diego,,90006
u25,Gertrude,d35,d465,,,4700 MELBOURNE RD,San Diego,,95101
u26,Julia,d276,d1263,,,300 LIGHT ST,San Diego,,92071
u27,Hattie,d155,d1142,,,600 S STREEPER ST,Riverside,,90712
u28,Edith,d160,d1147,,,1700 E 30TH ST,Los Angeles,,92093
u29,Mattie,d202,d1189,,,0 W 20TH ST,Riverside,,90716
u30,Rose,d106,d1093,,,100 N CLINTON ST,San Francisco,,94102
u31,Catherine,d313,d1300,,,800 N LUZERNE AVE,Oakland,,94502
u32,Lillian,d179,d1166,,,2900 KEYWORTH AVE,San Diego,,90012
u33,Ada,d2,d989,,,2900 HAMILTON AVE,San Diego,,95115
u34,Lillie,d313,d1300,,,0 BENKERT AVE,Sacramento,,95120
u35,Helen,d334,d1321,,,2500 PENNSYLVANIA AVE,Riverside,,94607
u36,Jessie,d100,d1087,,,2000 LINDEN AVE,Riverside,,94211
u37,Louise,d40,d1027,2100 ORLEANS ST,Los Angeles,200 ATHOLGATE LN,Riverside,94208,90014
u38,Ethel,d89,d1076,500 N BELNORD AV,San Jose,600 N CARROLLTON AVE,Los Angeles,91396,90026
u39,Lula,d251,d1238,1400 E BALTIMORE ST,San Jose,200 N COLLINGTON AVE,San Diego,94611,94112
u40,Myrtle,d277,d1264,,,3600 WILKENS AVE,Long Beach,,92105
u41,Eva,d346,d1333,,,4700 HOMESDALE AVE,San Diego,,90740
u42,Frances,d25,d1012,,,1800 EUTAW PL,Oakland,,95122
u43,Lena,d38,d1025,,,ST & E 25TH ST,San Francisco,,94610
u44,Lucy,d257,d1244,2700 HUNTINGDON AVE,Oakland,3800 GRANTLEY RD,Los Angeles,91402,91402
u45,Edna,d193,d1180,,,300 FURROW ST,Riverside,,95123
u46,Maggie,d148,d1135,,,HEIGHTS AV & GARRISON BL,Oakland,,94208
u47,Pearl,d102,d1089,,,3400 W NORTHERN PKWY,San Jose,,91396
u48,Daisy,d206,d1193,,,300 S FAGLEY ST,San Jose,,94611
u49,Fannie,d252,d1239,,,1500 RUSSELL ST,Riverside,,94114
u50,Josephine,d268,d1255,,,2500 KEYWORTH AVE,Riverside,,93106
u51,Dora,d444,d1332,6200 BROWN AV,Sacramento,AV & E NORTH AV,Riverside,94606,94606
u52,Rosa,d695,d1583,2600 FREDERICK AVE,San Jose,CALVERT ST & E FAYETTE ST,Oakland,91371,91371
u53,Katherine,d429,d1317,,,1300 S PONCA ST,San Francisco,,94614
u54,Agnes,d435,d1323,,,2100 HOLLINS ST,Los Angeles,,95101
u55,Marie,d706,d1594,1300 BANK ST,Los Angeles,1500 RUSSELL ST,Riverside,94119,94232
u56,Nora,d437,d1325,600 TUNBRIDGE RD,Riverside,500 S NEWKIRK ST,Oakland,94115,90902
u57,May,d450,d1338,,,1500 N EDEN ST,San Jose,,94610
u58,Mamie,d606,d1494,,,1200 ORLEANS ST,San Jose,,94119
u59,Blanche,d574,d1462,,,300 OLDHAM ST,Riverside,,94115
u60,Stella,d657,d1545,,,1500 RUSSELL ST,Long Beach,,90803
u61,Ellen,d593,d1481,,,700 S BROADWAY,Los Angeles,,94230
u62,Nancy,d514,d1402,1300 BANK ST,San Jose,4700 BEAUFORT AVE,Long Beach,94107,92110
u63,Effie,d403,d1291,,,2900 ROUND RD,San Jose,,92111
u64,Sallie,d676,d1106,,,2800 W BELVEDERE AV,San Jose,,94614
u65,Nettie,d546,d976,,,2000 W BALTIMORE ST,San Diego,,94607
u66,Della,d468,d898,,,200 S PATTERSON PARK AVE,Oakland,,95109
u67,Lizzie,d459,d889,,,1600 MCCULLOH ST,Long Beach,,94107
u68,Flora,d623,d1053,,,500 S CAROLINE ST,San Diego,,95123
u69,Susie,d590,d1020,,,300 E LORRAINE AVE,San Francisco,,94211
u70,Maud,d627,d1057,,,3700 GREENSPRING AVE,San Diego,,90008
u71,Mae,d588,d1018,,,5800 WILLOWTON AVE,Riverside,,90807
u72,Etta,d711,d1141,1500 PENTRIDGE RD,Los Angeles,800 W 36TH ST,San Jose,95123,95123
u73,Harriet,d638,d1068,,,300 N FREMONT AVE,Riverside,,94611
u74,Sadie,d623,d1053,,,1600 W LANVALE ST Sacramento,Sacramento,,94611
u75,Caroline,d573,d1003,,,200 ROUNDHOUSE CT,San Diego,,92112
u76,Katie,d430,d860,,,1700 N BROADWAY,Riverside,,92121
u77,Lydia,d569,d999,,,3500 CHESTERFIELD AVE,Los Angeles,,92143
u78,Elsie,d493,d923,3100 NIEMAN AV,Long Beach,700 ALLENDALE ST,San Jose,90902,90842
u79,Kate,d642,d1072,1800 INGRAM RD,San Diego,1400 N LAKEWOOD AVE,Oakland,91402,94659
u80,Susan,d435,d865,1800 BRUNT ST,San Francisco,1300 PARK AVE,San Jose,95123,95101
u81,Mollie,d476,d906,,,OSTEND ST & S CHARLES ST,Los Angeles,,91329
u82,Alma,d421,d851,,,2500 WINCHESTER ST,Riverside,,94119
u83,Addie,d722,d1152,,,6700 REISTERSTOWN RD,San Jose,,94236
u84,Georgia,d480,d910,,,6200 REISTERSTOWN RD,Oakland,,90902
u85,Eliza,d384,d814,,,4300 CONNECTICUT AVE,Los Angeles,,91402
u86,Lulu,d436,d866,,,3300 LIBERTY HEIGHTS AVE,San Jose,,95123
u87,Nannie,d672,d1102,,,4000 4TH ST,Oakland,,95109
u88,Lottie,d698,d1128,,,700 RAPPOLLA ST,San Jose,,94607
u89,Amanda,d491,d921,,,1700 CRYSTAL AVE,Los Angeles,,92152
u90,Belle,d425,d855,3100 NIEMAN AV,San Jose,2700 ROSLYN AVE,Riverside,94111,92160
u91,Charlotte,d619,d1049,1500 WASHINGTON BLVD,San Diego,5000 ARDMORE WAY,San Jose,94211,92092
u92,Rebecca,d415,d845,900 DRUID PARK LAKE DR,Oakland,2500 LLEWELYN AVE,Oakland,90004,92160
u93,Ruth,d368,d798,,,0 N KOSSUTH ST,Los Angeles,,95124
u94,Viola,d623,d1053,,,1600 SHADYSIDE RD,San Francisco,,94111
u95,Olive,d468,d898,,,AV & CYPRESS ST,San Jose,,94211
u96,Amelia,d478,d908,,,AV & CYPRESS ST Sacramento,Sacramento,,90004
u97,Hannah,d492,d922,,,1500 W LAFAYETTE AVE,Los Angeles,,91402
u98,Jane,d644,d1074,,,4100 BALFERN AVE,Long Beach,,91402
u99,Virginia,d691,d1121,,,5900 EASTERN AVE,Riverside,,90902
u100,Emily,d515,d945,,,6100 SHIPVIEW WAY,Riverside,,95124
u101,Matilda,d389,d819,,,1000 NEW HOPE CIR,Riverside,,95109
u102,Irene,d435,d865,,,ROCK GLEN RD & FREDERICK AV,Riverside,,95109
u103,Kathryn,d657,d1087,,,0 S FRANKLINTOWN RD,Los Angeles,,94705
u104,Esther,d393,d823,,,200 N HOWARD ST,Oakland,,92140
u105,Willie,d717,d1147,,,3300 ELGIN AVE,Riverside,,92143
u106,Henrietta,d553,d983,400 S WASHINGTON ST,Riverside,500 N GLOVER ST,Los Angeles,95101,90842
u107,Ollie,d510,d940,,,600 E PRATT ST,Los Angeles,,94659
u108,Amy,d618,d1048,,,BALTIMORE ST & N PRESIDENT ST,Los Angeles,,95101
u109,Rachel,d521,d951,,,400 E BALTIMORE ST,San Jose,,91329
u110,Sara,d460,d890,,,300 E TALBOTT ST,San Jose,,94119
u111,Estella,d500,d930,1000 W BARRE ST,San Jose,3800 LYNDALE AVE,San Francisco,94236,94236
u112,Theresa,d614,d1044,3500 BREHMS LA,Sacramento,2400 E BIDDLE ST,Los Angeles,90902,90902
u113,Augusta,d408,d838,,,100 N MONTFORD AVE Sacramento,Sacramento,,91402
u114,Ora,d372,d802,,,5300 LYNVIEW AVE,San Jose,,95123
u115,Pauline,d405,d835,,,1400 N EDEN ST,Oakland,,95109
u116,Josie,d543,d973,,,1200 W PRATT ST,San Jose,,94607
u117,Lola,d394,d824,,,1000 N BROADWAY,Los Angeles,,92152
u118,Sophia,d417,d847,,,400 ILCHESTER AVE,San Jose,,92160
u119,Leona,d664,d1094,,,VISTA AV & COX ST,Oakland,,92092
u120,Anne,d441,d871,,,2400 MARBOURNE AVE,San Diego,,92160
u121,Mildred,d928,d1476,,,2600 WILKENS AVE,San Diego,,95124
u122,Ann,d831,d1379,,,5500 GIST AVE,Long Beach,,95109
u123,Beulah,d865,d1413,,,100 N CURLEY ST,Los Angeles,,92092
u124,Callie,d734,d1282,,,700 N DUNCAN ST,Long Beach,,94614
u125,Lou,d876,d1424,,,0 N LUZERNE AVE,San Jose,,90842
u126,Delia,d897,d1445,,,WASHINGTON ST & ORLEANS ST,San Jose,,92111
u127,Eleanor,d1004,d1552,2700 MONTEBELLO TR,Long Beach,6300 WALLIS AVE,San Diego,92501,94119
u128,Barbara,d1077,d1625,1700 RIDGELY ST,Riverside,20TH ST & MARYLAND AV,Oakland,95109,92160
u129,Iva,d1047,d1595,,,300 E 27TH ST,Long Beach,,92501
u130,Louisa,d1047,d1595,,,2300 HOLLINS ST,San Diego,,95109
u131,Maria,d733,d1281,,,ST & WASHINGTON BL,San Francisco,,94203
u132,Mayme,d785,d1333,3100 NIEMAN AV,San Diego,900 N CHARLES ST,San Diego,94111,94236
u133,Evelyn,d886,d1434,,,4500 ARABIA AVE,Riverside,,95101
u134,Estelle,d870,d1418,,,3300 GREENMOUNT AVE,San Jose,,95109
u135,Nina,d959,d1507,,,200 N HILTON ST,Riverside,,94111
u136,Betty,d1026,d1574,1300 E MONUMENT ST,San Jose,BL & CUSTER RD Sacramento,Sacramento,95123,92109
u137,Marion,d916,d1464,3900 MAINE AV,Riverside,BL & CUSTER RD,San Diego,95123,94208
u138,Bettie,d1059,d1607,,,0 S POTOMAC ST,Riverside,,92092
u139,Dorothy,d958,d1506,,,2900 SPELMAN RD,Los Angeles,,94705
u140,Luella,d1055,d1603,,,2400 W BELVEDERE AVE,Riverside,,95123
u141,Inez,d1096,d1644,,,3900 TOWANDA AVE,San Francisco,,95123
u142,Lela,d921,d1469,,,AV & GARRISON BL,Oakland,,92503
u143,Rosie,d977,d1525,,,5100 REISTERSTOWN RD,San Diego,,90012
u144,Allie,d778,d1326,,,2800 W BELVEDERE AVE,San Diego,,90026
u145,Millie,d795,d1343,,,SARATOGA ST & DIAMOND ST Sacramento,Sacramento,,90012
u146,Janie,d1018,d1566,,,3100 PULASKI HWY,Riverside,,94236
u147,Cornelia,d980,d1528,,,4000 BALFERN AVE,Riverside,,94659
u148,Victoria,d813,d1361,,,500 ALLENDALE ST,Riverside,,92092
u149,Ruby,d1033,d1581,,,3300 SPAULDING AVE,Los Angeles,,92160
u150,Winifred,d901,d1449,,,2200 ROUND RD,Oakland,,92092
u151,Alta,d1015,d1563,,,2400 N HILTON ST,San Diego,,92504
u152,Celia,d854,d1402,,,500 N CHARLES ST,San Diego,,90004
u153,Christine,d916,d1464,3800 RAVENWOOD AV,Los Angeles,WARWICK AV & W FRANKLIN ST Sacramento,Sacramento,92111,90505
u154,Beatrice,d756,d1304,,,2000 WHISTLER AVE,Riverside,,94107
u155,Birdie,d823,d1371,,,900 CHESTNUT HILL AVE,Riverside,,94610
u156,Harriett,d1047,d1595,,,800 W 37TH ST,Riverside,,92111
u157,Mable,d1075,d1623,,,3200 E FAIRMOUNT AVE,Los Angeles,,92140
u158,Myra,d1083,d1631,,,2800 MAYFIELD AVE,Oakland,,94208
u159,Sophie,d1070,d1618,,,1900 W LOMBARD ST,Riverside,,95109
u160,Tillie,d840,d1388,,,0 N BELNORD AVE,Los Angeles,,95101
u161,Isabel,d1014,d1562,,,4800 BAYONNE AVE,Los Angeles,,92502
u162,Sylvia,d910,d1458,,,LEXINGTON ST & PARK AV,Los Angeles,,91402
u163,Carolyn,d1095,d1643,,,2400 MCCULLOH ST,San Jose,,94610
u164,Isabelle,d748,d1296,,,200 S ROBINSON ST,San Jose,,92503
u165,Leila,d756,d1304,,,LAFAYETTE AV & HARFORD AV,San Francisco,,90012
u166,Sally,d889,d1437,,,2100 W FAYETTE ST,Los Angeles,,90026
u167,Ina,d1036,d1584,3500 4TH ST,San Jose,NORTH AV & GREENMOUNT AV Sacramento,Sacramento,95124,91329
u168,Essie,d1031,d1579,5100 REISTERSTOWN RD,Oakland,600 E JEFFREY ST,San Jose,95101,94211
u169,Bertie,d959,d1507,,,400 SAINT PAUL PL,Oakland,,94208
u170,Nell,d746,d1294,2100 WASHINGTON BD,San Francisco,3400 FALLS RD,San Jose,91329,94610
u171,Alberta,d733,d1281,,,200 E 33RD ST,Los Angeles,,92109
u172,Katharine,d757,d1305,,,200 W PRATT ST,Riverside,,90902
u173,Lora,d840,d1388,,,0 PARKIN ST,San Jose,,95110
u174,Rena,d906,d1454,,,600 S PACA ST,Oakland,,95124
u175,Mina,d1034,d1582,,,500 S CURLEY ST,Los Angeles,,95101
u176,Rhoda,d824,d1372,,,HOWARD ST & W BALTIMORE ST,San Francisco,,94111
u177,Mathilda,d895,d1443,,,2700 WASHINGTON BLVD,San Jose,,91329
u178,Abbie,d975,d1523,,,3300 PIEDMONT AV Sacramento,Sacramento,,94208
u179,Eula,d1018,d1566,,,GREENMOUNT AV,Los Angeles,,95109
u180,Dollie,d755,d1303,,,200 S President St,Long Beach,,94611
u181,Hettie,d801,d1349,,,5800 BELAIR RD,San Diego,,95110
u182,Eunice,d1089,d1637,,,700 ALICEANNA ST Sacramento,Sacramento,,90012
u183,Fanny,d958,d1506,,,CHARLES ST & W PRATT ST,Riverside,,90505
u184,Ola,d937,d1485,4900 GOODNOW RD,Los Angeles,CHARLES ST & W PRATT ST,Riverside,91329,95123
u185,Lenora,d1018,d1566,,,2500 WILKENS AVE,Riverside,,94607
u186,Adelaide,d908,d1456,2800 FOSTER AV,San Jose,ST & PIEDMONT AV,Los Angeles,95124,91329
u187,Christina,d808,d1356,100 S CASTLE ST,Oakland,1600 MORELAND AVE,San Diego,95124,94111
u188,Lelia,d800,d1348,,,3400 CLIFTON AVE,Long Beach,,95101
u189,Nelle,d751,d1299,,,3100 SWANN DR,Los Angeles,,94211
u190,Sue,d783,d1331,,,1000 N GILMOR ST,Los Angeles,,91329
u191,Johanna,d1065,d1613,,,200 E PRATT ST,San Francisco,,90712
u192,Lilly,d779,d1327,,,2000 W FAYETTE ST,Oakland,,95124
u193,Lucinda,d808,d1356,,,6800 HARFORD RD,San Francisco,,95124
u194,Minerva,d1067,d1615,,,5200 BELAIR RD,San Francisco,,92160
u195,Lettie,d741,d1289,,,5200 BELAIR RD,Long Beach,,92501
u196,Roxie,d869,d1417,800 GLENWOOD AV,Sacramento,2300 ASHLAND AVE Sacramento,Sacramento,95110,90001
u197,Cynthia,d955,d1503,,,700 S FAGLEY ST,San Diego,,95101
u198,Helena,d1007,d1555,,,1200 N WOODINGTON RD,San Diego,,95054
u199,Hilda,d883,d1431,,,1200 N WOODINGTON RD,Oakland,,95110
u200,Hulda,d1095,d1643,,,1500 RUSSELL ST,Oakland,,94110
u201,Bernice,d1017,d1565,0 S CAREY ST,Oakland,1600 HOLBROOK ST,San Jose,90002,90002
u202,Genevieve,d790,d1338,,,5500 O''DONNELL ST,San Francisco,,94111
u203,Jean,d838,d1386,,,1700 E MADISON ST,San Jose,,90003
u204,Cordelia,d863,d1411,,,4100 SUNNYSIDE AVE Sacramento,Sacramento,,90004
u205,Marian,d881,d1429,,,100 N EAST AVE,Los Angeles,,90005
u206,Francis,d783,d1331,,,300 W BALTIMORE ST,Long Beach,,94208
u207,Jeanette,d908,d1456,,,3700 BOSTON ST,San Jose,,90006
u208,Adeline,d950,d1498,1300 GREENMOUNT AVE,San Diego,3900 BARRINGTON RD,Oakland,90008,95101
u209,Gussie,d1024,d1572,,,900 N BELNORD AVE,Oakland,,92071
u210,Leah,d853,d1401,,,1100 COVINGTON ST,San Diego,,90712
u211,Lois,d793,d1341,,,3400 FALLS RD,San Diego,,92091
u212,Lura,d921,d1469,,,ST & N MARTIN LUTHER KING JR BL,Oakland,,94501
u213,Mittie,d801,d1349,4900 FREDERICK AV,San Francisco,300 E 29TH ST,Long Beach,94204,94109
u214,Hallie,d1055,d1603,,,3200 BURLEITH AVE,Los Angeles,,94204
u215,Isabella,d876,d1424,,,1700 FLEET ST,Los Angeles,,90715
u216,Olga,d758,d1306,,,1300 PARK AVE,Long Beach,,90007
u217,Phoebe,d931,d1479,,,700 S BROADWAY,San Jose,,90008
u218,Teresa,d881,d1429,,,1100 BROENING HWY,Oakland,,95111
u219,Hester,d910,d1458,6800 WILLIAMSON AV,San Diego,HEIGHTS AV & W COLD SPRING LN,Oakland,95115,92092
u220,Lida,d995,d1543,200 E UNIVERSITY PW,Oakland,200 E PRATT ST,San Diego,95120,95112
u221,Lina,d1248,d1464,,,3000 GRANTLEY AVE,San Diego,,92093
u222,Winnie,d1186,d1402,1300 N LONGWOOD ST,San Jose,3600 POTEE ST,Oakland,94211,90716
u223,Claudia,d1272,d1488,,,YORK RD,Long Beach,,94102
u224,Marguerite,d1231,d1447,,,1100 TIFFANY CT,Los Angeles,,94502
u225,Vera,d1098,d1314,,,3700 FALLS RD,Los Angeles,,90012
u226,Cecelia,d1374,d1590,,,5400 REISTERSTOWN RD,San Jose,,95115
u227,Bess,d1262,d1478,,,4200 CHATHAM RD,Oakland,,95120
u228,Emilie,d1433,d1649,,,100 E WELLS ST,Oakland,,94607
u229,John,d1192,d1408,,,1100 PARRISH ST,San Diego,,94211
u230,Rosetta,d1377,d1593,,,NORTH AV & N BENTALOU ST,San Diego,,90014
u231,Verna,d1432,d1648,,,RD & W PATAPSCO AV,Oakland,,90026
u232,Myrtie,d1276,d1492,,,1200 W PRATT ST,Long Beach,,94112
u233,Cecilia,d1289,d1505,,,1900 N CHESTER ST,Los Angeles,,92105
u234,Elva,d1166,d1382,,,3300 GARRISON BLVD,Los Angeles,,90740
u235,Olivia,d1325,d1541,,,1500 N CAROLINE ST,San Diego,,95122
u236,Ophelia,d1356,d1572,3900 DUVALL AV,San Francisco,1000 W NORTH AVE Sacramento,Sacramento,94611,94610
u237,Georgie,d1141,d1357,4500 N ROGERS AVE,San Francisco,4300 LIBERTY HEIGHTS AVE,San Diego,94114,91402
u238,Elnora,d1377,d1593,0 E BALTIMORE ST,Long Beach,1100 N WOODINGTON RD,Oakland,93106,95123
u239,Violet,d1422,d1638,,,1700 E 25TH ST,San Jose,,94208
u240,Adele,d1269,d1485,,,4100 POTTER ST,San Jose,,91396
u241,Lily,d1209,d1425,,,100 W NORTH AVE,Riverside,,94611
u242,Linnie,d1375,d1591,,,900 WICKLOW RD,Los Angeles,,94114
u243,Loretta,d1325,d1541,,,1500 S CATON AVE,Los Angeles,,93106
u244,Madge,d1377,d1593,,,6800 REISTERSTOWN RD,Riverside,,94606
u245,Polly,d1237,d1453,,,2300 LAURETTA AVE,Riverside,,91371
u246,Virgie,d1200,d1416,,,3500 E PRATT ST,Oakland,,94614
u247,Eugenia,d1125,d1341,,,500 MOSHER ST,San Diego,,95101
u248,Lucile,d1362,d1578,,,3900 BARTWOOD RD,San Diego,,94232
u249,Lucille,d1378,d1594,,,1900 CLIFTON AVE,San Diego,,90902
u250,Mabelle,d1388,d1604,,,900 E FORT AVE,Riverside,,95120
u251,Rosalie,d1340,d1556,6800 REISTERSTOWN RD,Sacramento,3200 WASHINGTON BLVD,Los Angeles,94611,94614
u252,Kittie,d1434,d1650,,,2500 EUTAW PL,Riverside,,91329
u253,Meta,d1257,d1473,,,1000 S CHARLES ST,San Francisco,,90801
u254,Angie,d1151,d1367,,,4600 LIBERTY HEIGHTS AVE,Oakland,,94611
u255,Dessie,d1452,d1668,,,4500 ROKEBY RD,San Diego,,91329
u256,Georgiana,d1182,d1398,2600 FOSTER AVE,San Francisco,6200 MCCLEAN BLVD,San Diego,94604,94604
u257,Lila,d1199,d1415,1100 S CHARLES ST,San Francisco,900 W NORTH AVE Sacramento,Sacramento,94120,94120
u258,Regina,d1207,d1423,2900 REISTERSTOWN RD,San Jose,700 DENISON ST,Riverside,92108,92108
u259,Selma,d1184,d1400,,,LAFAYETTE AV & N CALHOUN ST,Riverside,,92109
u260,Wilhelmina,d1303,d1519,,,200 N HOWARD ST,Riverside,,90842
u261,Bridget,d1453,d1669,,,NORTH AV & N PORT ST,Los Angeles,,95124
u262,Lilla,d1189,d1405,700 W LEXINGTON ST,Long Beach,2500 LAKELAND AVE,Oakland,90004,90004
u263,Malinda,d1327,d1543,4600 REISTERSTOWN RD,San Diego,1500 62ND ST,Riverside,90008,90008
u264,Vina,d1221,d1437,100 E HEATH ST,Oakland,600 E LOMBARD ST,Los Angeles,94126,94126
u265,Freda,d1206,d1422,,,1700 DRUID HILL AVE,Los Angeles,,94610
u266,Gertie,d1304,d1520,,,1200 BOLTON ST,Los Angeles,,94119
u267,Jeannette,d1146,d1362,,,600 S PONCA ST Sacramento,Sacramento,,94115
u268,Louella,d1370,d1586,3300 FLEET ST,Sacramento,1600 DRUID HILL AVE Sacramento,Sacramento,92110,90803
u269,Mandy,d1324,d1540,700 MELVILLE AV,Los Angeles,6500 BROWN AVE,Oakland,92111,94230
u270,Roberta,d1176,d1392,,,0 N HIGHLAND AVE,San Diego,,92110
u271,Cassie,d1277,d1493,,,LAKEWOOD AV & E FAYETTE ST,Long Beach,,92111
u272,Corinne,d1220,d1436,,,4400 BELAIR RD,San Jose,,94614
u273,Ivy,d1238,d1454,,,5400 JONQUIL AVE,San Jose,,94607
u274,Melissa,d1371,d1587,,,700 RAPPOLLA ST,San Jose,,95109
u275,Lyda,d1206,d1422,2000 GWYNNS FALLS PW,San Francisco,1300 N FREMONT AVE,San Francisco,94211,94107
u276,Naomi,d1342,d1558,1400 W BALTIMORE ST,Oakland,1500 COLE ST,Long Beach,90008,95123
u277,Norma,d1318,d1534,,,4900 EASTERN AV,San Jose,,94211
u278,Bell,d1353,d1569,,,200 N GAY ST,Oakland,,90008
u279,Margie,d1279,d1495,,,800 E JEFFREY ST,,,90807
u280,Nona,d1174,d1390,,,800 E JEFFREY ST,San Diego,,95123
u281,Zella,d1132,d1348,,,1200 SHARONLEIGH RD,San Diego,,94611
u282,Dovie,d1287,d1503,,,1200 E BALTIMORE ST,Oakland,,94611
u283,Elvira,d1163,d1379,,,1100 N CALVERT ST,Long Beach,,92112
u284,Erma,d1190,d1406,,,3700 FLEET ST,Los Angeles,,92121
u285,Irma,d1194,d1410,700 WICKLOW RD,San Jose,4900 EASTERN AV,Los Angeles,94107,94659
u286,Leota,d1225,d1441,,,2300 ROUND RD,Los Angeles,,90815
u287,William,d1160,d1376,,,400 S PULASKI ST,San Jose,,91402
u288,Artie,d1213,d1429,,,4900 GOODNOW RD Sacramento,Sacramento,,90012
u289,Blanch,d1351,d1567,,,3300 TIOGA PKWY,San Francisco,,90012
u290,Charity,d1184,d1400,,,400 NORTH BEND RD,San Diego,,95124
u291,Lorena,d1393,d1609,,,PL & E MT VERNON PL,San Diego,,94236
u292,Lucretia,d1294,d1510,,,FAYETTE ST & N WASHINGTON ST,Long Beach,,94107
u293,Orpha,d1395,d1611,,,2600 FLORA ST,San Jose,,92123
u294,Alvina,d1197,d1413,,,3700 SEQUOIA AVE,Los Angeles,,92124
u295,Annette,d1387,d1603,,,100 S HIGHLAND AV,Los Angeles,,95109
u296,Catharine,d1338,d1554,,,2000 N HOWARD ST,San Francisco,,94705
u297,Elma,d1339,d1555,,,700 DRUID PARK LAKE DR,Oakland,,92140
u298,Geneva,d1312,d1528,,,600 SPRINGFIELD AVE,San Francisco,,92143
u299,Janet,d1312,d1528,,,2200 VAN DEMAN ST,San Francisco,,90842
u300,Lee,d1406,d1622,,,N GAY ST,Long Beach,,94659
u301,Leora,d1103,d1319,400 N CASTLE ST,Los Angeles,RD & HAVENWOOD RD Sacramento,Sacramento,95109,95101
u302,Lona,d1221,d1437,,,1600 S CATON AVE,San Francisco,,91329
u303,Miriam,d1374,d1590,,,400 N EAST AVE,Oakland,,94119
u304,Zora,d1109,d1325,,,BALTIMORE ST & S FREDERICK ST,San Francisco,,94236
u305,Linda,d1328,d1544,,,2600 MARBOURNE AVE,Long Beach,,90902
u306,Octavia,d1295,d1511,,,4900 EASTERN AV,Riverside,,91402
u307,Sudie,d1412,d1628,,,0 N STREEPER ST,Riverside,,95123
u308,Zula,d1286,d1502,,,800 RESERVOIR ST,Riverside,,95109
u309,Adella,d1214,d1430,,,5700 REISTERSTOWN RD Sacramento,Sacramento,,94607
u310,Alpha,d1381,d1597,,,200 N MILTON AVE,Oakland,,92152
u311,Frieda,d1172,d1388,,,0 S GREENE ST,San Diego,,92160
u312,George,d1167,d1383,1900 E NORTH AV,San Jose,0 N BELNORD AVE,Long Beach,92092,92092
u313,Joanna,d1398,d1614,5300 LANTERN CT,Oakland,OLIVER ST & HARFORD AV,San Jose,92160,92160
u314,Leonora,d1341,d1557,800 N CALHOUN ST,San Jose,200 E LEXINGTON ST,San Jose,95124,95124
u315,Priscilla,d1158,d1374,500 SOMERSET RD,Los Angeles,400 FONTHILL AVE,San Jose,94111,94111
u316,Tennie,d1432,d1648,,,4900 BRIARCLIFT RD,San Francisco,,94211
u317,Angeline,d1168,d1384,,,500 RICHWOOD AV,Long Beach,,90004
u318,Docia,d1443,d1659,,,500 RICHWOOD AV,San Jose,,91402
u319,Ettie,d1440,d1656,,,800 ABBOTT CT,Oakland,,91402
u320,Flossie,d1372,d1588,,,200 E CENTRE ST,Oakland,,90902
u321,Hanna,d1157,d1373,,,2700 LIGHTHOUSE PT E,San Diego,,95124
u322,Letha,d1244,d1460,,,3700 CLIFTMONT,San Diego,,95109
u323,Minta,d1458,d1674,4800 ODONNELL ST,Long Beach,4200 ELDERON AVE,Oakland,92092,92092
u324,Retta,d1120,d1336,,,1800 BAKER ST,Long Beach,,94614
u325,Rosella,d1241,d1457,5800 BELAIR RD,Riverside,1200 SOUTHVIEW RD,San Diego,90842,90842
u326,Adah,d1385,d1601,,,4100 FLOWERTON RD,San Diego,,92111
u327,Berta,d1220,d1436,,,100 N WOLFE ST,Long Beach,,94119
u328,Elisabeth,d1377,d1593,,,200 HERRING CT,San Jose,,92160
u329,Elise,d1158,d1374,,,4600 BELAIR RD,Los Angeles,,92501
u330,Goldie,d1290,d1506,,,2400 N CHARLES ST,Los Angeles,,95109
u331,Leola,d1236,d1452,,,3800 LEADENHALL ST,San Francisco,,94203
u332,Margret,d1257,d1473,,,1400 WELDON PL N,Oakland,,94236
u333,Adaline,d1248,d1464,,,1600 LORMAN CT,San Francisco,,95101
u334,Floy,d1283,d1499,,,4500 CRADDOCK AVE,San Francisco,,95109
u335,Idella,d1161,d1377,400 GUILFORD AV,Riverside,AV & ELDORADO AV,Long Beach,94208,94111
u336,Juanita,d1208,d1424,,,2000 PORTUGAL ST Sacramento,Sacramento,,92109
u337,Lenna,d1374,d1590,,,2500 STEELE RD,San Francisco,,94208
u338,Lucie,d1217,d1433,,,2400 TANEY RD,Oakland,,92092
u339,Missouri,d1421,d1637,,,2700 WEGWORTH LN,San Francisco,,94705
u340,Nola,d1160,d1376,,,2100 RAMSAY ST,Long Beach,,95123
u341,Zoe,d1450,d1666,,,900 MCHENRY ST,Riverside,,95123
u342,Eda,d1416,d1632,,,500 E BALTIMORE ST,Riverside,,92503
u343,Isabell,d1237,d1453,,,500 ISLAMIC WAY,Riverside,,90012
u344,James,d1240,d1456,2300 JAMES ST,Long Beach,2800 FOSTER AVE Sacramento,Sacramento,94236,90026
u345,Julie,d1148,d1364,,,1000 HULL ST,Oakland,,90012
u346,Letitia,d1345,d1561,,,1000 HULL ST,San Diego,,94236
u347,Madeline,d1169,d1385,,,4600 PARK HEIGHTS AVE,Long Beach,,94659
u348,Malissa,d1244,d1460,,,1300 MCCULLOH ST,San Jose,,92092
u349,Mariah,d1338,d1554,,,2200 EUTAW PL,San Jose,,92160
u350,Pattie,d1178,d1394,,,3600 FALLS RD,Los Angeles,,92092
u351,Vivian,d1378,d1594,,,1100 NANTICOKE ST,Los Angeles,,92504
u352,Almeda,d1234,d1450,,,3500 BOSTON ST,San Francisco,,90004
u353,Aurelia,d1359,d1575,,,200 DOUGLAS CT,Oakland,,90505
u354,Claire,d1307,d1523,,,2000 W BALTIMORE ST,San Francisco,,94107
u355,Dolly,d1161,d1377,,,2000 E FAIRMOUNT AVE,San Francisco,,94610
u356,Hazel,d1430,d1646,1200 W LOMBARD ST,Los Angeles,700 KEVIN RD,Long Beach,94208,92111
u357,Jannie,d1097,d1313,,,700 MCCULLOH ST Sacramento,Sacramento,,92140
u358,Kathleen,d1265,d1481,200 MOUNT HOLLY ST,San Jose,900 N CALHOUN ST,San Jose,95101,94208
u359,Kathrine,d1108,d1324,,,800 W 35TH ST,San Jose,,95109
u360,Lavinia,d1373,d1589,,,2200 W Cold Spring Ln,San Jose,,95101
u361,Marietta,d1165,d1381,,,1100 WARD ST,San Francisco,,92502
u362,Melvina,d1221,d1437,,,4100 POTTER ST,Long Beach,,91402
u363,Ona,d1289,d1505,,,2000 W PRATT ST,San Jose,,94610
u364,Pinkie,d1285,d1501,,,500 CUMBERLAND ST,Oakland,,92503
u365,Samantha,d1255,d1471,,,4300 WAKEFIELD RD,Oakland,,90012
u366,Susanna,d1123,d1339,,,2100 W SARATOGA ST,San Diego,,90026
u367,Chloe,d1266,d1482,,,2900 MATHEWS ST,San Diego,,91329
u368,Donnie,d1356,d1572,4400 LEWIN AV,San Jose,1700 EUTAW PL,Oakland,94610,94211
u369,Elsa,d1334,d1550,2600 LOYOLA SOUTHWAY,San Francisco,2100 PARKSLEY AVE,Long Beach,92109,94208
u370,Gladys,d1170,d1386,2200 PRESSTMAN ST,Los Angeles,HIGHLAND AV & E BALTIMORE ST,San Diego,90902,94610
u371,Matie,d1460,d1676,800 DARTMOUTH RD,Oakland,4300 ROBERTON AVE,San Diego,95110,92109
u372,Pearle,d1336,d1552,,,400 WINSTON AVE,Long Beach,,90902
u373,Vesta,d1146,d1362,,,100 N WOLFE ST,San Jose,,95110
u374,Vinnie,d1244,d1460,,,2300 EVERGREEN ST,Los Angeles,,95124
u375,Antoinette,d1416,d1632,2500 GWYNNS FALLS PW,Los Angeles,3800 HILLSDALE RD,Los Angeles,90505,95101
u376,Clementine,d1121,d1337,6300 EVERALL AV,San Jose,3400 WILKENS AVE,San Francisco,95123,94111
u377,Edythe,d1212,d1428,400 CATHEDRAL ST,Oakland,800 W PATAPSCO AVE,San Francisco,94607,91329
u378,Harriette,d1382,d1598,500 E CHASE ST,San Jose,5200 ANTHONY AVE,San Francisco,91329,94208
u379,Libbie,d1441,d1657,,,0 N CHARLES ST,Long Beach,,95109
u380,Lilian,d1418,d1634,,,3200 AVON AVE Sacramento,Sacramento,,94611
u381,Lue,d1122,d1338,,,900 S CLINTON ST,San Jose,,95110
u382,Lutie,d1249,d1465,,,300 E JEFFREY ST,San Jose,,90012
u383,Magdalena,d1300,d1516,,,3600 PARK HEIGHTS AVE,San Jose,,90505
u384,Meda,d1234,d1450,2300 E MONUMENT ST,Los Angeles,1200 WINDEMERE AVE,San Francisco,91329,95123
u385,Rita,d1445,d1661,1200 BROENING HW,Los Angeles,1100 W 41ST ST,Long Beach,95124,94607
u386,Tena,d1341,d1557,5500 PARK HEIGHTS AV,San Jose,NORTH AV & BELAIR RD,San Jose,92160,91329
u387,Zelma,d1398,d1614,,,300 FALLSWAY,Oakland,,94111
u388,Adelia,d1241,d1457,,,1000 HERNDON CT,Oakland,,95101
u389,Annetta,d1295,d1511,,,1700 EDMONDSON AVE,San Diego,,94211
u390,Antonia,d1392,d1608,,,400 EVESHAM AVE,San Diego,,91329
u391,Dona,d1245,d1461,,,3000 FRISBY ST,Oakland,,90712
u392,Elizebeth,d1347,d1563,3000 S HANOVER ST,Oakland,1800 N CALVERT ST,Long Beach,95101,95124
u393,Georgianna,d1315,d1531,,,1200 E 35TH ST,San Diego,,95124
u394,Gracie,d1294,d1510,,,3300 ORLANDO AVE,San Diego,,92160
u395,Iona,d1147,d1363,,,3100 E FAYETTE ST,Long Beach,,90505
u396,Lessie,d1413,d1629,,,800 W Fayette St,Oakland,,95123
u397,Leta,d1340,d1556,,,500 LONEYS LN,San Diego,,94607
u398,Liza,d1381,d1597,4600 SHAMROCK AV,Los Angeles,500 N STREEPER ST,San Diego,95124,91329
u399,Mertie,d1184,d1400,2000 LINDEN AVE,Riverside,5400 PARK HEIGHTS AVE,Oakland,92160,94111
u400,Molly,d1359,d1575,5500 TRAMORE RD,San Jose,4000 EASTERN AVE,Long Beach,92501,95101
u401,Neva,d1235,d1451,,,3500 E NORTHERN PKWY,San Diego,,94211
u402,Oma,d1453,d1669,500 N HIGH ST,Los Angeles,1300 PENTWOOD RD,San Diego,90026,91329
u403,Alida,d1158,d1374,,,4300 PIMLICO RD,Long Beach,,90712
u404,Alva,d1328,d1544,,,400 N SMALLWOOD ST Sacramento,Sacramento,,95124
u405,Cecile,d1446,d1662,,,3700 SAINT VICTOR ST,Riverside,,95124
u406,Cleo,d1424,d1640,,,3700 SAINT VICTOR ST,Riverside,,92160
u407,Donna,d1159,d1375,,,3700 SAINT VICTOR ST,San Diego,,92501
u408,Ellie,d1126,d1342,,,500 E LAKE AVE,Oakland,,90012
u409,Ernestine,d1143,d1359,,,400 N KENWOOD AVE,Long Beach,,90026
u410,Evie,d1242,d1458,,,900 DESOTO RD,Los Angeles,,90012
u411,Frankie,d1443,d1659,,,2100 E FAYETTE ST,Los Angeles,,94236
u412,Helene,d1298,d1514,,,2900 FALLSTAFF RD,Los Angeles,,94659
u413,Minna,d1372,d1588,,,1700 SAINT PAUL ST,San Jose,,92092
u414,Myrta,d1401,d1617,300 ALLENDALE ST,Los Angeles,4300 BERGER AVE,San Francisco,92111,92160
u415,Prudence,d1389,d1605,,,6700 REISTERSTOWN RD,Oakland,,92092
u416,Queen,d1178,d1394,,,800 WICKLOW RD,San Francisco,,92504
u417,Rilla,d1233,d1449,,,2400 E MONUMENT ST,San Francisco,,90004
u418,Savannah,d1149,d1365,,,1500 MCCULLOH ST,Long Beach,,90505
u419,Tessie,d1155,d1371,,,900 NORTH HILL RD,Long Beach,,94107
u420,Tina,d1300,d1516,,,2100 DRUID HILL AVE,San Francisco,,94610
u421,Agatha,d1792,d1826,,,3000 SPAULDING AVE,Oakland,,92111
u422,America,d1475,d1534,1200 E MONUMENT ST,Riverside,400 NICOLL AVE,San Francisco,90004,92140
u423,Anita,d1633,d1692,500 N LAKEWOOD AVE,Riverside,ST & N BRADFORD ST,Long Beach,90505,94208
u424,Arminta,d1544,d1603,,,5900 GLENFALLS AV,Riverside,,95109
u425,Dorothea,d1538,d1597,,,5900 GLENFALLS AV,Riverside,,90004
u426,Ira,d1781,d1820,,,2400 CYLBURN AVE,San Francisco,,90505
u427,Luvenia,d1798,d1817,,,800 W 36TH ST,San Francisco,,94107
u428,Marjorie,d1708,d1767,,,5900 GLENFALLS AVE,Long Beach,,94610
u429,Maybelle,d1806,d1815,,,5900 GLENFALLS AVE,Long Beach,,92111
u430,Mellie,d1580,d1639,,,2000 E FAYETTE ST,San Francisco,,92140
u431,Nan,d1618,d1677,,,3400 GREENMOUNT AVE,Oakland,,90012
u432,Pearlie,d1622,d1681,,,700 ROUNDVIEW RD,San Francisco,,94236
u433,Sidney,d1722,d1781,,,3700 BOSTON ST,Long Beach,,94659
u434,Velma,d1539,d1598,,,200 W MONUMENT ST,Riverside,,92092
u435,Clare,d1656,d1715,,,3600 ELM AVE,Riverside,,92160
u436,Constance,d1632,d1691,,,900 BEVAN ST,Riverside,,92092
u437,Dixie,d1494,d1553,,,1300 S CLINTON ST Sacramento,Sacramento,,92504
u438,Ila,d1621,d1680,3200 TIOGA PKWY,San Diego,2500 W PATAPSCO AVE Sacramento,Sacramento,92140,90004
u439,Iola,d1725,d1784,6100 ELINORE AV,San Francisco,400 E BALTIMORE ST,San Francisco,94208,90505
u440,Jimmie,d1520,d1579,2000 ROBB ST,San Jose,RD & BELWOOD AV,San Francisco,95109,94107
u441,Louvenia,d1494,d1553,2800 ORLEANS ST,Sacramento,RD & BELWOOD AV,Long Beach,95109,94610
u442,Lucia,d1806,d1819,,,RD & BELWOOD AV Sacramento,Sacramento,,92111
u443,Ludie,d1583,d1642,,,1500 DIVISION ST,San Jose,,92140
u444,Luna,d1809,d1816,,,5700 EASTERN AVE,San Jose,,94208
u445,Metta,d1627,d1686,,,5700 EASTERN AVE,San Jose,,95109
u446,Patsy,d1697,d1756,,,4600 MANNASOTA AVE,San Francisco,,95109
u447,Phebe,d1685,d1744,,,4600 MANNASOTA AVE,Long Beach,,94203
u448,Sophronia,d1593,d1652,,,3400 ORLANDO AVE,San Jose,,94236
u449,Adda,d1720,d1779,,,900 NORTH HILL RD,Oakland,,95101
u450,Avis,d1808,d1810,,,AV & W PRESTON ST,Oakland,,95109
u451,Betsy,d1483,d1542,,,300 S PARRISH ST,San Diego,,94111
u452,Bonnie,d1668,d1727,,,100 N CALVERTON RD,San Jose,,92109
u453,Cecil,d1686,d1745,1100 E COLD SPRING LA,Los Angeles,800 S BOULDIN ST,San Jose,92503,94208
u454,Cordie,d1694,d1753,,,100 S BROADWAY,San Jose,,92092
u455,Emmaline,d1689,d1748,,,RD & HAYWARD AV,San Francisco,,94705
u456,Ethelyn,d1647,d1706,,,1800 ORLEANS ST,Long Beach,,95123
u457,Hortense,d1517,d1576,,,400 N CALVERT ST,San Jose,,95123
u458,June,d1497,d1556,,,6500 ARMSTRONG AVE,Oakland,,92503
u459,Louie,d1684,d1743,,,5300 LOCH RAVEN BLVD,Oakland,,90012
u460,Lovie,d1619,d1678,,,2700 MATHEWS ST,San Diego,,90026
u461,Marcella,d1568,d1627,,,5100 HUDSON ST,San Jose,,90012
u462,Melinda,d1603,d1662,,,AV & VIOLET AV,San Jose,,94236
u463,Mona,d1652,d1711,200 E PRATT ST,San Jose,800 LINDEN AVE,San Francisco,92092,94659
u464,Odessa,d1640,d1699,2000 HARFORD RD Sacramento,Sacramento,4100 SPRINGDALE AVE,Los Angeles,94705,92092
u465,Veronica,d1468,d1527,,,1700 MONTPELIER ST Sacramento,Sacramento,,94208
u466,Aimee,d1588,d1647,,,2700 BERYL AVE,San Jose,,90006
u467,Annabel,d1498,d1557,,,500 N BELNORD AVE,Oakland,,95101
u468,Ava,d1764,d1823,,,4800 BAYONNE AVE,San Jose,,92071
u469,Bella,d1761,d1820,,,AV & S CATHERINE ST,Los Angeles,,90712
u470,Carolina,d1792,d1800,,,AV & S CATHERINE ST,Riverside,,92091
u471,Cathrine,d1491,d1550,,,5300 LYNVIEW AVE,San Jose,,94501
u472,Christena,d1512,d1571,,,FRANKLIN ST & N WARWICK AV,Oakland,,94109
u473,Clyde,d1466,d1525,1100 WARD ST,San Francisco,0 E FRANKLIN ST,Los Angeles,95123,94204
u474,Dena,d1769,d1826,,,600 MCCABE AVE,San Francisco,,90715
u475,Dolores,d1572,d1631,,,1300 ELRINO WAY,San Jose,,90007
u476,Eleanore,d1788,d1814,,,4300 WENDOVER RD Sacramento,Sacramento,,90008
u477,Elmira,d1483,d1542,,,500 N PATTERSON PARK AVE,Los Angeles,,95111
u478,Fay,d1648,d1707,,,1400 E FAIRMOUNT AVE,Long Beach,,92092
u479,Frank,d1639,d1698,,,600 BRIDGEVIEW RD,San Diego,,95112
u480,Jenny,d1678,d1737,,,5300 KENILWORTH AVE Sacramento,Sacramento,,90002
u481,Kizzie,d1757,d1816,100 S CASTLE ST,San Jose,900 N CHARLES ST,Riverside,95123,94111
u482,Lonnie,d1660,d1719,2800 W COLD SPRING LA,Los Angeles,3700 9TH ST,Riverside,90012,90003
u483,Loula,d1641,d1700,,,800 HILLMAN CT,Riverside,,90004
u484,Magdalene,d1766,d1825,,,400 ROUNDVIEW RD,Los Angeles,,90005
u485,Mettie,d1758,d1817,,,5600 BELLE VISTA AVE,San Diego,,94208
u486,Mintie,d1509,d1568,,,5800 EDGEPARK RD,Oakland,,90006
u487,Peggy,d1722,d1781,,,5600 BELLE VISTA AVE,Long Beach,,95101
u488,Reba,d1536,d1595,,,900 S BELNORD AVE,San Diego,,92071
u489,Serena,d1494,d1553,,,500 S GILMOR ST,San Diego,,90712
u490,Vida,d1670,d1729,,,5400 CATALPHA RD,Long Beach,,92093
u491,Zada,d1788,d1799,,,4600 LUERSSEN AVE,San Jose,,95123
u492,Abigail,d1818,d1826,,,4600 LUERSSEN AVE,Los Angeles,,92503
u493,Celestine,d1655,d1714,,,ST & N WOLFE ST,Los Angeles,,90012
u494,Celina,d1629,d1688,,,1100 GLENEAGLE RD,San Francisco,,90026
u495,Claudie,d1755,d1814,,,4100 FLEETWOOD AVE,San Francisco,,90012
u496,Clemmie,d1559,d1618,1200 MORLING AV,San Diego,2300 EUTAW PL,San Francisco,90026,94236
u497,Connie,d1677,d1736,4900 GUNTHER AV,San Diego,3300 BONNIE RD,Long Beach,90012,94659
u498,Daisie,d1798,d1757,3600 ERDMAN AV,Long Beach,2400 LAKEVIEW AVE Sacramento,Sacramento,94236,92092
u499,Deborah,d1702,d1761,,,2400 HARRIET AVE,San Jose,,94208
u500,Dessa,d1733,d1792,3400 PIEDMONT AV,Riverside,400 E 25TH ST,San Jose,92503,90006
u501,Easter,d1614,d1673,,,100 DENISON ST,San Jose,,95101
u502,Eddie,d1619,d1678,,,300 W BALTIMORE ST,San Francisco,,92071
u503,Emelia,d1801,d1822,,,800 RAPPOLLA ST,Long Beach,,90712
u504,Emmie,d1492,d1551,,,4700 WRENWOOD AVE,San Jose,,92091
u505,Imogene,d1753,d1812,,,1100 W 41ST ST,Riverside,,94501
u506,India,d1583,d1642,,,5600 MATTFELDT AVE,Oakland,,94109
u507,Jeanne,d1723,d1782,,,2600 MARYLAND AVE,San Jose,,94204
u508,Joan,d1506,d1565,,,4900 EASTERN AV,San Jose,,90715
u509,Lenore,d1524,d1583,,,3300 LABYRINTH RD,Riverside,,92091
u510,Liddie,d1719,d1778,,,2200 WILKENS AVE,Los Angeles,,94501
u511,Lotta,d1506,d1565,,,600 W PATAPSCO AVE,Los Angeles,,94109
u512,Mame,d1521,d1580,200 S DALLAS CT,San Francisco,FULTON AV & PRESSTMAN ST,Riverside,90004,94204
u513,Nevada,d1822,d1826,1000 HILLEN ST,San Diego,1200 N BOND ST,Riverside,90005,90715
u514,Rachael,d1815,d1826,200 S FULTON AV,Riverside,5500 O''DONNELL ST,Oakland,90026,90007
u515,Sina,d1733,d1792,,,2900 W COLD SPRING LN,San Diego,,90008
u516,Willa,d1496,d1555,,,600 LAURENS ST,San Diego,,95111
u517,Aline,d1668,d1727,,,0 N BEECHFIELD AVE,San Diego,,92092
u518,Beryl,d1612,d1671,,,2400 E MONUMENT ST,Riverside,,95112
u519,Charles,d1712,d1771,,,1900 GREENBERRY RD,Los Angeles,,90002
u520,Daisey,d1688,d1747,,,CROSS ST & WILLIAM ST,Riverside,,94111
u521,Dorcas,d1549,d1608,,,1500 W LOMBARD ST,San Francisco,,90003
u522,Edmonia,d1614,d1673,,,1500 W LOMBARD ST,Oakland,,90004
u523,Effa,d1475,d1534,,,5700 HAZELWOOD CIR,San Diego,,90005
u524,Eldora,d1556,d1615,,,ST & W CLEMENT ST,Oakland,,94208
u525,Eloise,d1472,d1531,,,2500 BOSTON ST,San Francisco,,90006
u526,Emmer,d1544,d1603,,,3300 W BELVEDERE AVE,San Francisco,,95101
u527,Era,d1672,d1731,,,1600 N SMALLWOOD ST,Long Beach,,92071
u528,Gena,d1581,d1640,,,1600 PENNSYLVANIA AVE Sacramento,Sacramento,,90712
u529,Henry,d1597,d1656,,,3500 CURRAN DR,San Francisco,,92093
u530,Iris,d1796,d1826,1200 W PRATT ST,San Diego,200 S CASTLE ST,Oakland,90012,95123
u531,Izora,d1736,d1795,,,2600 REISTERSTOWN RD,San Francisco,,92503
u532,Lennie,d1550,d1609,,,5200 BELAIR RD,Long Beach,,90012
u533,Lissie,d1600,d1659,,,4100 NORFOLK AVE,Riverside,,90026
u534,Mallie,d1694,d1753,,,3200 NERAK RD,Riverside,,90012
u535,Malvina,d1495,d1554,,,700 E PRATT ST,Riverside,,94236
u536,Mathilde,d1719,d1778,,,2400 FREDERICK AVE Sacramento,Sacramento,,94659
u537,Mazie,d1526,d1585,,,3100 BAKER ST,Oakland,,92092
u538,Queenie,d1764,d1823,600 E 33RD ST,San Diego,2200 W PATAPSCO AVE,San Diego,90012,94208
u539,Robert,d1717,d1776,700 ALLENDALE ST,Riverside,1600 N HILTON ST,Long Beach,94236,90006
u540,Rosina,d1471,d1530,,,1600 N HILTON ST,San Jose,,95101
u541,Salome,d1809,d1826,,,1600 N HILTON ST,San Jose,,92071
u542,Theodora,d1653,d1712,,,1600 N HILTON ST,San Jose,,90712
u543,Therese,d1780,d1826,,,100 S WASHINGTON ST,San Francisco,,92091
u544,Vena,d1818,d1826,,,3100 ELLIOTT ST,Long Beach,,94501
u545,Wanda,d1595,d1654,1100 SCOTT ST,Oakland,4400 ANNTANA AVE,San Jose,92092,94109
u546,Wilda,d1567,d1626,800 OLDHAM ST,Long Beach,1000 CEDARCROFT RD,Oakland,94208,94204
u547,Altha,d1599,d1658,2700 PELHAM AV,San Diego,6700 MORAVIA PARK DR,Oakland,94208,90715
u548,Anastasia,d1561,d1620,,,1800 N PULASKI ST,San Diego,,95101
u549,Besse,d1653,d1712,,,1800 N PULASKI ST,San Diego,,94211
u550,Bird,d1530,d1589,,,1800 N PULASKI ST,Oakland,,91329
u551,Birtie,d1533,d1592,,,2500 HOLLINS ST,Long Beach,,90712
u552,Clarissa,d1818,d1826,,,1700 DUNDALK AVE,San Diego,,95124
u553,Claude,d1553,d1612,,,5300 YORK RD,San Diego,,95124
u554,Delilah,d1695,d1754,,,3100 LAWNVIEW AVE,Long Beach,,92160
u555,Diana,d1599,d1658,3400 JUNEWAY,San Jose,3100 ELLIOTT ST,San Jose,92093,90505
u556,Emelie,d1552,d1611,3200 E LOMBARD ST,Riverside,1300 MCHENRY ST,Los Angeles,94659,95123
u557,Erna,d1710,d1769,5100 CEDGATE RD,Sacramento,2900 CLIFTON AVE,Los Angeles,94204,94607
u558,Fern,d1477,d1536,2000 JUBILEE CT,San Diego,5600 Sinclair Ln,San Francisco,90715,91329
u559,Florida,d1746,d1805,,,1100 DUNDALK AVE,Oakland,,94111
u560,Frona,d1808,d1826,,,4800 ORVILLE AVE,San Francisco,,95101
u561,Hilma,d1465,d1524,MOUNT ROYAL AV & ST PAUL ST,Riverside,5000 SCHAUB AVE,San Francisco,95101,94211
u562,Joseph,d1778,d1826,2600 N CHARLES ST,Sacramento,ST & GORSUCH AV,Long Beach,94211,91329
u563,Juliet,d1720,d1779,,,300 S MACON ST Sacramento,Sacramento,,90712
u564,Leonie,d1789,d1826,1000 N BROADWAY,Riverside,1600 NORTHGATE RD,San Francisco,91329,95124
u565,Lugenia,d1625,d1684,,,3900 CLARINTH RD,Oakland,,95124
u566,Mammie,d1798,d1826,,,1800 N MOUNT ST,San Francisco,,92160
u567,Manda,d1824,d1826,,,1300 GLYNDON AVE,Long Beach,,92501
u568,Manerva,d1596,d1655,,,3100 GREENMOUNT AVE,Riverside,,90012
u569,Manie,d1715,d1774,,,1400 W BALTIMORE ST,Riverside,,90026
u570,Nella,d1481,d1540,,,LOMBARD ST & S EAST AV,Riverside,,90012
u571,Paulina,d1497,d1556,,,1600 N PATTERSON PARK AVE Sacramento,Sacramento,,94236
u572,Philomena,d1603,d1662,3400 EASTERN AVE,Riverside,7200 HARFORD RD,Oakland,95123,94659
u573,Rae,d1761,d1820,,,AV & RESERVOIR ST,San Diego,,92092
u574,Selina,d1615,d1674,,,1300 WINSTON AVE,Long Beach,,92160
u575,Sena,d1650,d1709,,,2400 W BELVEDERE AVE,San Jose,,95124
u576,Theodosia,d1725,d1784,,,2200 W PATAPSCO AVE,San Jose,,92160
u577,Tommie,d1690,d1749,,,200 N MONTFORD AVE,Los Angeles,,92501
u578,Una,d1784,d1826,,,200 N MONTFORD AVE,Los Angeles,,90012
u579,Vernie,d1732,d1791,,,5600 LOCH RAVEN BLVD,San Francisco,,90026
u580,Adela,d1566,d1625,400 E FAYETTE ST,Riverside,300 S AUGUSTA AVE,Oakland,94111,90012
u581,Althea,d1741,d1800,DONNELL ST & S LINWOOD AV,Los Angeles,3200 HARWELL AVE,San Francisco,92501,94236
u582,Amalia,d1784,d1826,0 CUSTOM HOUSE AV,San Diego,0 S WICKHAM RD,San Francisco,90012,94659
u583,Amber,d1824,d1826,,,4000 BOWERS AVE,Long Beach,,92092
u584,Angelina,d1626,d1685,,,400 WHITRIDGE AVE Sacramento,Sacramento,,92160
u585,Annabelle,d1489,d1548,,,3800 W FOREST PARK AVE,San Jose,,94208
u586,Anner,d1706,d1765,4500 ELSRODE AV,Riverside,AV & YORK RD,San Jose,95109,95109
u587,Arie,d1735,d1794,,,4400 PARKSIDE DR,San Jose,,95109
u588,Clarice,d1475,d1534,,,4400 PARKSIDE DR,San Francisco,,94203
u589,Corda,d1766,d1825,,,600 HOMESTEAD ST,Long Beach,,94236
u590,Corrie,d1463,d1522,,,1000 RADNOR AVE,San Jose,,95101
u591,Dell,d1577,d1636,,,0 MARKET PL,Oakland,,95109
u592,Dellar,d1657,d1716,,,3100 TIOGA PKWY,Oakland,,94111
u593,Donie,d1657,d1716,,,1600 PENNSYLVANIA AVE,San Diego,,92109
u594,Doris,d1586,d1645,200 N COLLINGTON AV,Los Angeles,1700 W BALTIMORE ST,San Diego,94203,94208
u595,Elda,d1522,d1581,,,1700 W BALTIMORE ST,Oakland,,92092
u596,Elinor,d1640,d1699,,,2500 EDMONDSON AVE,Long Beach,,94705
u597,Emeline,d1697,d1756,,,1300 LAURENS ST,San Diego,,95123
u598,Emilia,d1627,d1686,,,700 POPLAR GROVE ST,San Diego,,95123
u599,Esta,d1629,d1688,,,6000 CLEARSPRING RD,Long Beach,,92503
u600,Estell,d1720,d1779,,,1500 E WARD CT,San Jose,,90012
u601,Etha,d1545,d1604,,,4100 STOKES DR,Los Angeles,,90026
u602,Fred,d1515,d1574,,,1600 N MOUNT ST,Los Angeles,,90012
u603,Hope,d1495,d1554,,,1100 POPLAR GROVE ST,San Francisco,,94236
u604,Indiana,d1761,d1820,,,2600 DULANY ST,San Francisco,,94659
u605,Ione,d1769,d1826,,,2000 WOODBOURNE AVE,San Francisco,,92092
u606,Jettie,d1620,d1679,3400 EASTERN AVE,Sacramento,200 E CHASE ST,Long Beach,94236,94208
u607,Johnnie,d1779,d1826,,,4500 N CHARLES ST Sacramento,Sacramento,,90006
u608,Josiephine,d1709,d1768,,,0 N PULASKI ST,San Jose,,94111
u609,Kitty,d1819,d1826,,,5400 REISTERSTOWN RD,San Jose,,91329
u610,Lavina,d1558,d1617,,,3600 WHITE AVE,San Jose,,94208
u611,Leda,d1605,d1664,,,0 E REDWOOD ST,San Francisco,,95109
u612,Letta,d1689,d1748,3900 ELMORA AV,Long Beach,6900 HARFORD RD,Long Beach,95101,94611
u613,Mahala,d1546,d1605,4700 SHAMROCK AV,Riverside,1300 N WOODINGTON RD,San Jose,95109,95110
u614,Marcia,d1652,d1711,1400 HAUBERT ST,Riverside,3300 TIVOLY AVE,Oakland,94111,90012
u615,Margarette,d1793,d1826,,,3300 TIVOLY AVE,Oakland,,90505
u616,Maudie,d1811,d1826,,,1300 N WOODINGTON RD,San Diego,,95123
u617,Maye,d1508,d1567,,,3000 SEABURY RD,San Diego,,94607
u618,Norah,d1656,d1715,2300 W PATAPSCO AV,Oakland,3300 ROYCE AVE,Oakland,92109,91329
u619,Oda,d1627,d1686,,,2000 E BALTIMORE ST,Long Beach,,94111
u620,Patty,d1796,d1826,,,200 N MOUNT ST,San Diego,,95101
u621,Paula,d1539,d1598,,,500 E BALTIMORE ST,San Diego,,94211
u622,Permelia,d1733,d1792,,,500 BAKER ST,Long Beach,,91329
u623,Rosalia,d1480,d1539,900 E NORTH AV,Los Angeles,5000 E OLIVER ST,Oakland,94111,90712
u624,Roxanna,d1535,d1594,,,4600 EASTERN AVE,San Diego,,95124
u625,Sula,d1794,d1826,,,BL & RIDGEWOOD AV,San Diego,,95124
u626,Vada,d1658,d1717,,,2400 LINDEN AVE,Oakland,,92160
u627,Winnifred,d1604,d1663,,,2100 MCCULLOH ST,Long Beach,,94111
u628,Adline,d1682,d1741,,,3900 FERNHILL AVE,San Diego,,91329
u629,Almira,d1594,d1653,,,6200 PULASKI HWY,San Diego,,94208
u630,Alvena,d1640,d1699,,,2100 GARRISON BLVD,Long Beach,,95109
u631,Arizona,d1742,d1801,,,1700 N SMALLWOOD ST Sacramento,Sacramento,,94611
u632,Becky,d1600,d1659,,,1200 ROUNDHILL RD,Riverside,,95110
u633,Bennie,d1477,d1536,,,4200 BOSTON ST,Riverside,,90012
u634,Bernadette,d1819,d1826,,,600 EVESHAM AVE,San Diego,,90505
u635,Camille,d1615,d1674,300 N PULASKI ST,Oakland,2500 N CHARLES ST,Oakland,95123,95123
u636,Cordia,d1723,d1782,1800 GUILFORD AV,San Francisco,200 CHANCERY RD,Long Beach,92503,94607
u637,Corine,d1510,d1569,,,2700 WASHINGTON BLVD,Los Angeles,,91329
u638,Dicie,d1476,d1535,,,900 N FULTON AVE,Los Angeles,,94111
u639,Dove,d1793,d1826,,,1100 WHITMORE AVE,Los Angeles,,95101
u640,Drusilla,d1767,d1826,,,0 E CENTRE ST,San Jose,,94211
u641,Elena,d1612,d1671,,,0 E CENTRE ST,San Francisco,,91329
u642,Elenora,d1577,d1636,,,3200 EVERGREEN AVE,Oakland,,90712
u643,Elmina,d1715,d1774,,,1100 CATHEDRAL ST,San Francisco,,95124
u644,Ethyl,d1664,d1723,1900 E FAYETTE ST,San Jose,3500 HUDSON ST,San Francisco,95110,95124
u645,Evalyn,d1785,d1826,5200 CATALPHA RD,Oakland,1600 W PRATT ST,Long Beach,90012,92160
u646,Evelina,d1593,d1652,,,900 S CATON AVE,Long Beach,,90012
u647,Faye,d1761,d1820,,,AV & BEAUFORT AV,San Francisco,,90505
u648,Huldah,d1667,d1726,,,800 DARTMOUTH RD,Oakland,,95123
u649,Idell,d1529,d1588,,,HANOVER ST & W WELLS ST,San Francisco,,94607
u650,Inga,d1479,d1538,,,1400 TOWSON ST,Long Beach,,91329
u651,Irena,d1487,d1546,,,300 LIGHT ST,Riverside,,94111
u652,Jewell,d1564,d1623,,,1200 COCHRAN AVE,Riverside,,95101
u653,Kattie,d1717,d1776,,,1300 W 41ST ST,San Francisco,,94211
u654,Lavenia,d1687,d1746,,,600 FALLSWAY,San Francisco,,91329
u655,Leslie,d1705,d1764,,,900 E FORT AVE,Long Beach,,90712
u656,Lovina,d1523,d1582,100 N EAST AV,Riverside,1400 W PATAPSCO AVE,Long Beach,91329,95124
u657,Lulie,d1554,d1613,,,400 FONTHILL AVE,San Francisco,,95124
u658,Magnolia,d1593,d1652,,,2000 JEFFERSON ST,Oakland,,92160
u659,Margeret,d1586,d1645,0 E PRATT ST,Los Angeles,SHARP ST & W CONWAY ST,San Francisco,95101,94111
u660,Margery,d1602,d1661,100 S FRONT ST,San Francisco,1500 W FAYETTE ST,Long Beach,94211,91329
u661,Media,d1686,d1745,1800 W PRATT ST,San Jose,3200 TIOGA PKWY,Riverside,91329,94208
u662,Millicent,d1568,d1627,,,2300 N CHARLES ST,Riverside,,95109
u663,Nena,d1749,d1808,,,36TH ST & ROLAND AV,Riverside,,94611
u664,Ocie,d1552,d1611,,,200 MCMECHEN ST Sacramento,Sacramento,,95110
u665,Orilla,d1791,d1826,,,700 ROUNDVIEW RD Sacramento,Sacramento,,90012
u666,Osie,d1749,d1808,,,1200 E NORTH AVE,San Francisco,,90505
u667,Pansy,d1523,d1582,5100 PARK HEIGHTS AVE,San Jose,3800 E LOMBARD ST,San Francisco,90712,95123
u668,Ray,d1775,d1826,,,3800 E LOMBARD ST,Long Beach,,94607
u669,Rosia,d1825,d1826,,,2900 MATHEWS ST Sacramento,Sacramento,,95123
u670,Rowena,d1585,d1644,5000 MORELLO RD,San Francisco,3500 W FRANKLIN ST,San Jose,92160,92503
u671,Shirley,d1502,d1561,4900 LOCH RAVEN BD,San Francisco,3700 EASTERN AVE,San Jose,94111,90012
u672,Tabitha,d1482,d1541,5100 PARK HEIGHTS AV,Long Beach,1200 W CROSS ST,San Jose,91329,90026
u673,Thomas,d1647,d1706,2800 MILES AV,Sacramento,300 W BALTIMORE ST,Los Angeles,94208,90012
u674,Verdie,d1748,d1807,,,4700 CHARLESTON ST,Riverside,,94236
u675,Walter,d1823,d1826,900 FELL ST,San Jose,1600 NORMAL AVE,San Francisco,94611,94659
u676,Zetta,d1756,d1815,6100 HOLABIRD AV,Los Angeles,5800 KIPLING CT,Oakland,90012,92092
u677,Zoa,d1735,d1794,,,5400 YORK RD,San Diego,,94208
u678,Zona,d1707,d1766,,,200 S BOULDIN ST,Oakland,,90006
u679,Albertina,d1512,d1571,,,100 W RANDALL ST,San Francisco,,95101
u680,Albina,d1655,d1714,,,200 S BOULDIN ST,San Francisco,,92071
u681,Alyce,d1605,d1664,,,4700 BANK ST,Long Beach,,90712
u682,Amie,d1533,d1592,,,3100 N HILTON ST Sacramento,Sacramento,,92091
u683,Angela,d1748,d1807,,,1000 SAINT PAUL ST,San Francisco,,94501
u684,Annis,d1576,d1635,100 W 23RD ST,Los Angeles,200 S MONASTERY AVE,Oakland,94236,94109
u685,Carol,d1699,d1758,3000 WINDSOR AV,Long Beach,2200 ROUND RD,San Francisco,94659,94204
u686,Carra,d1588,d1647,,,2900 WYNHAM RD,Long Beach,,90715
u687,Clarence,d1802,d1826,,,3200 CLIFTMONT AVE,Riverside,,95101
u688,Clarinda,d1737,d1796,,,5200 CEDGATE RD,Riverside,,94211
u689,Delphia,d1501,d1560,100 E NORTH AV,Sacramento,1600 VINCENT CT,Riverside,92092,91329
u690,Dillie,d1514,d1573,,,1900 BREITWERT AVE,San Francisco,,90712
u691,Doshie,d1655,d1714,,,2900 SULGRAVE AVE,San Francisco,,95124
u692,Drucilla,d1789,d1826,1500 N COLLINGTON AV,San Jose,5700 JONQUIL AVE,Long Beach,94109,95124
u693,Etna,d1614,d1673,5100 REISTERSTOWN RD,San Jose,3000 WILKENS AVE Sacramento,Sacramento,94204,94607
u694,Eugenie,d1482,d1541,1000 CATHEDRAL ST,San Diego,4200 MORAVIA RD,San Francisco,90715,91329
u695,Eulalia,d1806,d1826,,,BIDDLE ST & FALLSWAY,Oakland,,94111
u696,Eve,d1623,d1682,,,5400 REISTERSTOWN RD,San Francisco,,95101
u697,Felicia,d1691,d1750,,,200 N CHARLES ST,Riverside,,94211
u698,Florance,d1761,d1820,,,2900 STRANDEN RD,Riverside,,91329
u699,Fronie,d1631,d1690,,,5300 DENMORE AVE,Riverside,,90712
u700,Geraldine,d1674,d1733,,,1000 HUNTER ST Sacramento,Sacramento,,95124
u701,Gina,d1513,d1572,,,400 S CALHOUN ST Sacramento,Sacramento,,95124
u702,Glenna,d1737,d1796,,,2700 WASHINGTON AVE BCO,San Francisco,,92160
u703,Grayce,d1613,d1672,,,100 S BROADWAY,San Francisco,,94111
u704,Hedwig,d1704,d1763,,,4900 EASTERN AV,Long Beach,,91329
u705,Jessica,d1507,d1566,,,1200 N GILMOR ST Sacramento,Sacramento,,94208
u706,Jossie,d1742,d1801,,,3100 PRESBURY ST,San Jose,,95109
u707,Katheryn,d1528,d1587,2400 BELAIR RD,Riverside,600 N PATTERSON PARK AVE,San Jose,91329,94611
u708,Katy,d1772,d1826,,,5900 THEODORE AVE,Long Beach,,95110
u709,Lea,d1752,d1811,,,2400 E BALTIMORE ST,Long Beach,,90012
u710,Leanna,d1540,d1599,,,800 PONTIAC AVE,San Jose,,90505
u711,Leitha,d1703,d1762,,,5100 SINCLAIR LN,San Diego,,95123
u712,Leone,d1486,d1545,,,0 S ARLINGTON AVE,Oakland,,94607
u713,Lidie,d1691,d1750,,,300 S EDEN ST,Long Beach,,95123
u714,Loma,d1753,d1812,,,3700 REXMERE RD,San Diego,,92503
u715,Lular,d1628,d1687,,,400 MOUNT HOLLY ST,San Diego,,90012
u716,Magdalen,d1760,d1819,,,1500 KENHILL AVE,Long Beach,,90026
u717,Maymie,d1626,d1685,,,3800 SINCLAIR LA,San Jose,,90012
u718,Minervia,d1697,d1756,,,3300 EASTERN AVE,Los Angeles,,94236
u719,Muriel,d1692,d1751,2700 E FAIRMOUNT AV,Los Angeles,4400 PENNINGTON AVE,Los Angeles,94208,94659
u720,Neppie,d1817,d1826,600 N WOLFE ST,San Jose,1500 N EDEN ST,Los Angeles,95109,92092
u721,Olie,d1593,d1652,1000 SPANGLER WY,San Francisco,0 S HIGHLAND AVE,Riverside,94611,92503
u722,Onie,d1687,d1746,,,3800 Sinclair Ln,San Francisco,,90012
u723,Osa,d1767,d1826,,,1000 HILLEN ST,Oakland,,90026
u724,Otelia,d1693,d1752,,,600 W LOMBARD ST,Oakland,,90012
u725,Paralee,d1745,d1804,,,5100 CROSSWOOD AVE,San Diego,,94236
u726,Patience,d1624,d1683,,,200 STRATFORD RD,Riverside,,94659
u727,Rella,d1593,d1652,,,2900 BAUERNWOOD AVE,Oakland,,92092
u728,Rillie,d1749,d1808,,,4000 WHITE AVE,Oakland,,95110
u729,Rosanna,d1499,d1558,,,500 N ELLWOOD AVE,San Diego,,90012
u730,Theo,d1515,d1574,500 N CARROLLTON AV,Riverside,3200 ESTHER PL,San Jose,90505,90505
u731,Tilda,d1613,d1672,,,3600 E FAYETTE ST,San Francisco,,95123
u732,Tishie,d1793,d1826,,,100 LLOYD ST,Long Beach,,94607
u733,Tressa,d1674,d1733,,,400 E 28TH ST Sacramento,Sacramento,,95123
u734,Viva,d1576,d1635,,,1900 RAMBLEWOOD RD,San Jose,,92503
u735,Yetta,d1710,d1769,,,6100 FRANKFORD AVE,San Jose,,90012
u736,Zena,d1476,d1535,,,3200 E FAIRMOUNT AVE,San Jose,,90026
u737,Zola,d1817,d1826,,,5600 LOCH RAVEN BLVD,Los Angeles,,90012
u738,Abby,d1796,d1826,,,6000 ERDMAN AVE,Riverside,,94236
u739,Aileen,d1818,d1826,,,2700 KINSEY AVE,San Francisco,,94659
u740,Alba,d1600,d1659,,,2900 HILLSDALE RD,Oakland,,92092
u741,Alda,d1587,d1646,1200 BRENTWOOD AV,Sacramento,300 W BALTIMORE ST,Oakland,95123,92503
u742,Alla,d1796,d1826,1200 BRENTWOOD AV,Oakland,2700 KINSEY AVE,San Diego,94607,90012
u743,Alverta,d1498,d1557,,,1900 BREITWERT AVE,Riverside,,90026
u744,Ara,d1556,d1615,,,100 KANE ST,Oakland,,90012
u745,Ardelia,d1627,d1686,,,4700 SHAMROCK AVE,Oakland,,94236
u746,Ardella,d1576,d1635,,,2600 HURON ST,San Diego,,94659
u747,Arrie,d1597,d1656,,,2100 W LEXINGTON ST,San Jose,,92092
u748,Arvilla,d1641,d1700,,,4200 MORTIMER AVE,San Jose,,92092
u749,Augustine,d1638,d1697,,,200 S SPRING CT,San Francisco,,92160
u750,Aurora,d1590,d1649,,,2900 WINCHESTER ST,Long Beach,,95124
u751,Bama,d1700,d1759,,,700 E 25TH ST,San Jose,,92160
u752,Bena,d1693,d1752,6200 TRAMORE RD,San Jose,2200 FLEETWOOD AVE,Oakland,95123,92501
u753,Byrd,d1664,d1723,,,4200 SHANNON DR,Riverside,,90012
u754,Calla,d1633,d1692,,,3900 FORDLEIGH RD,Oakland,,90026
u755,Camilla,d1465,d1524,,,2800 WINDSOR AVE,Oakland,,90012
u756,Carey,d1583,d1642,,,2900 ALVARADO SQ,San Diego,,94236
u757,Carlotta,d1815,d1826,,,500 E 25TH ST,San Jose,,94659
u758,Celestia,d1465,d1524,,,1100 WEDGEWOOD RD,San Jose,,92092
u759,Cherry,d1786,d1826,,,ST & S WASHINGTON ST,San Francisco,,92160
u760,Cinda,d1759,d1826,,,2200 W PATAPSCO AVE,Long Beach,,94208
u761,Classie,d1629,d1688,,,AV & E OLIVER ST,San Jose,,95109
u762,Claudine,d1525,d1584,,,400 E NORTH AVE,Oakland,,95109
u763,Clemie,d1736,d1795,,,1100 WILLIAM ST,Oakland,,94203
u764,Clifford,d1584,d1643,,,1000 E BELVEDERE AVE,San Diego,,94236
u765,Clyda,d1545,d1604,0 W NORTH AV,,200 S FULTON AVE,Riverside,,95101
u766,Creola,d1563,d1622,1800 DIVISION ST,San Jose,2700 W PATAPSCO AVE,Oakland,90012,95109
u767,Debbie,d1744,d1803,600 TUNBRIDGE RD,Los Angeles,100 N LAKEWOOD AVE,Oakland,90026,94111
u768,Dee,d1744,d1803,,Los Angeles,1400 BATTERY AVE,San Diego,90012,92109
u769,Dinah,d1581,d1640,,,1500 LESLIE ST,San Diego,,94208
u770,Doshia,d1501,d1560,3600 PARKVIEW AVE,,500 N LINWOOD AVE,Oakland,,92092
u771,Ednah,d1657,d1716,,Oakland,500 OTTERBEIN ST,Long Beach,92092,94705
u772,Edyth,d1476,d1535,,,1600 BRUCE CT,San Diego,,95123
u773,Eleanora,d1578,d1637,,,3800 FREDERICK AVE,San Diego,,95123
u774,Electa,d1491,d1550,,,1300 GORSUCH AVE,Long Beach,,92503
u775,Eola,d1787,d1826,,,200 S VINCENT ST,San Jose,,90012
u776,Erie,d1693,d1752,,,5100 SINCLAIR LN,Los Angeles,,90026
u777,Eudora,d1715,d1774,,,5500 RITTER AVE,Los Angeles,,90012
u778,Euphemia,d1554,d1613,,,0 N KENWOOD AVE,San Francisco,,94236
u779,Evalena,d1758,d1817,5700 EASTERN AV,,300 SAINT DUNSTANS RD,San Francisco,,94659
u780,Evaline,d1806,d1826,100 FAGLEY ST,San Diego,4400 LAPLATA AVE,San Francisco,90006,92092
u781,Faith,d1752,d1811,,Long Beach,0 E CONWAY ST,Long Beach,94111,94208
u782,Fidelia,d1654,d1713,,,2500 GREENMOUNT AVE Sacramento,Sacramento,,90006
u783,Freddie,d1645,d1704,,,1700 N CASTLE ST,San Jose,,94111
u784,Golda,d1468,d1527,,,5700 EASTERN AVE,San Jose,,91329
u785,Harry,d1597,d1656,,,AV & W NORTHERN PY,San Jose,,94208
u786,Helma,d1557,d1616,,,0 UPMANOR RD,San Francisco,,95109
u787,Hermine,d1698,d1757,,,1800 N MONROE ST,Long Beach,,94611
u788,Hessie,d1710,d1769,2100 ESSEX ST,,4500 EASTERN AVE,San Jose,,95110
u789,Ivah,d1561,d1620,0 LIGHT ST,Riverside,3700 MANNASOTA AVE,Oakland,91329,90012
u790,Janette,d1509,d1568,,Los Angeles,0 N LUZERNE AVE,Oakland,94111,90505
u791,Jennette,d1794,d1826,,,1200 E EAGER ST,San Diego,,95123
u792,Joella,d1515,d1574,,,CHARLES ST & E 21ST ST,San Diego,,94607
u793,Kathryne,d1706,d1765,,,6100 CARDIFF AV,Oakland,,91329
u794,Lacy,d1770,d1826,,,6100 CARDIFF AV,Long Beach,,94111
u795,Lanie,d1762,d1821,3800 ELMLEY AV,,6600 BUSHEY ST,San Diego,,95101
u796,Lauretta,d1800,d1826,"3800 ELMLEY AV, San Francisco",San Francisco,300 FOLCROFT ST,San Diego,95124,94211
u797,Leana,d1709,d1768,,,2200 LYNDHURST AVE,Long Beach,,91329
u798,Leatha,d1470,d1529,,,2200 LYNDHURST AVE,Oakland,,90712
u799,Leo,d1666,d1725,,,3700 MILFORD AVE,San Diego,,95124
u800,Liller,d1752,d1811,,,500 OLDHAM ST,San Diego,,95124